keyword,lowest_page,lowest_position,lowest_display,highest_page,highest_position,highest_display,runs_found
air hostess academy in Gujarat,1,48,1st page 48th result,1,48,1st page 48th result,6
air hostess academy in Vadodara contact number,1,34,1st page 34th result,1,34,1st page 34th result,6
air hostess college in Surat,4,5,4th page 5th result,4,5,4th page 5th result,6
air hostess course admission last date,2,17,2nd page 17th result,2,17,2nd page 17th result,6
air hostess course admission process 2026,6,1,6th page 1st result,14,7,14th page 7th result,6
air hostess course details in Gujarati,1,16,1st page 16th result,4,6,4th page 6th result,6
air hostess course fees for middle class,2,18,2nd page 18th result,4,13,4th page 13th result,5
air hostess course fees with hostel facility,1,34,1st page 34th result,4,5,4th page 5th result,4
air hostess course subjects and exams,8,18,8th page 18th result,15,5,15th page 5th result,6
air hostess grooming and personality development course,9,1,9th page 1st result,13,1,13th page 1st result,6
air hostess interview in Gujarat,2,1,2nd page 1st result,2,13,2nd page 13th result,6
air hostess job vacancy for freshers in Gujarat,5,10,5th page 10th result,7,2,7th page 2nd result,6
air hostess salary in Gujarat,2,3,2nd page 3rd result,4,1,4th page 1st result,5
air hostess salary in India for freshers 2025,2,14,2nd page 14th result,2,14,2nd page 14th result,1
air hostess salary in Vadodara,1,48,1st page 48th result,3,16,3rd page 16th result,5
air hostess training center in Vadodara,1,3,1st page 3rd result,1,3,1st page 3rd result,5
air hostess training certificate value,1,12,1st page 12th result,1,34,1st page 34th result,6
air hostess training course fees in Vadodara,2,8,2nd page 8th result,2,16,2nd page 16th result,6
air hostess training duration in Gujarat,1,26,1st page 26th result,4,6,4th page 6th result,6
air hostess training fees in Ahmedabad,3,16,3rd page 16th result,5,3,5th page 3rd result,6
air hostess training in Vadodara,1,3,1st page 3rd result,1,3,1st page 3rd result,5
air hostess training institute franchise,2,15,2nd page 15th result,4,1,4th page 1st result,6
air hostess training institute in Surat,3,11,3rd page 11th result,10,14,10th page 14th result,6
air hostess training institute near Alkapuri Vadodara 18,1,5,1st page 5th result,4,9,4th page 9th result,4
air hostess training institute near me with fees,1,31,1st page 31st result,2,5,2nd page 5th result,3
air hostess training institute near race course road,2,1,2nd page 1st result,2,1,2nd page 1st result,1
air hostess training institute near railway station,1,48,1st page 48th result,2,8,2nd page 8th result,3
air hostess training institute placement guarantee,2,6,2nd page 6th result,3,15,3rd page 15th result,6
air hostess training institute with low fees,1,22,1st page 22nd result,2,9,2nd page 9th result,3
air hostess training practical classes,2,7,2nd page 7th result,3,2,3rd page 2nd result,5
air hostess training with placement in Gujarat,1,37,1st page 37th result,3,5,3rd page 5th result,5
air hostess vacancy in Gujarat,4,15,4th page 15th result,6,7,6th page 7th result,6
airport ground staff course fees in Vadodara,1,16,1st page 16th result,1,18,1st page 18th result,6
airport ground staff course in Rajkot,2,5,2nd page 5th result,2,15,2nd page 15th result,5
airport ground staff training in Surat,2,14,2nd page 14th result,3,14,3rd page 14th result,6
airport management course eligibility Gujarat,3,3,3rd page 3rd result,9,9,9th page 9th result,5
airport management course in Surat,4,3,4th page 3rd result,5,1,5th page 1st result,6
airport management institute in Vadodara,1,3,1st page 3rd result,1,7,1st page 7th result,6
aviation academy admission Gujarat,9,18,9th page 18th result,11,14,11th page 14th result,4
aviation academy near me Gujarat,6,10,6th page 10th result,7,10,7th page 10th result,3
aviation academy vadodara admission 2026,2,3,2nd page 3rd result,3,8,3rd page 8th result,6
aviation academy vadodara placement list,4,7,4th page 7th result,6,6,6th page 6th result,5
aviation academy with 100% placement in India,10,11,10th page 11th result,14,16,14th page 16th result,6
aviation academy with mock aircraft training 1,2,11,2nd page 11th result,17,6,17th page 6th result,4
aviation career counseling in Vadodara,1,9,1st page 9th result,8,2,8th page 2nd result,6
aviation courses after 12th in Gujarat,2,8,2nd page 8th result,3,8,3rd page 8th result,6
aviation courses for girls in Gujarat,1,28,1st page 28th result,5,1,5th page 1st result,2
aviation courses in Gujarat,4,13,4th page 13th result,6,10,6th page 10th result,6
aviation courses list Gujarat,6,14,6th page 14th result,10,1,10th page 1st result,4
aviation courses online Gujarat,2,1,2nd page 1st result,3,6,3rd page 6th result,5
aviation courses with internship in airport,1,2,1st page 2nd result,15,15,15th page 15th result,6
aviation diploma in Gujarat,11,6,11th page 6th result,14,1,14th page 1st result,6
aviation institute contact number Gujarat,3,7,3rd page 7th result,4,14,4th page 14th result,6
aviation institute in Rajkot,4,1,4th page 1st result,5,10,5th page 10th result,6
aviation institute with airbus mock training,2,7,2nd page 7th result,2,14,2nd page 14th result,5
aviation institutes in Gujarat with placement,4,13,4th page 13th result,8,14,8th page 14th result,6
aviation institutes in Vadodara list,1,28,1st page 28th result,3,13,3rd page 13th result,6
aviation institutes offering scholarships in Gujarat,1,16,1st page 16th result,2,12,2nd page 12th result,4
aviation placement in Gujarat,3,14,3rd page 14th result,18,14,18th page 14th result,3
aviation training institute in Gandhinagar,11,3,11th page 3rd result,14,9,14th page 9th result,5
best aviation academy in Gujarat,5,4,5th page 4th result,7,1,7th page 1st result,6
best aviation college in Vadodara,2,2,2nd page 2nd result,9,3,9th page 3rd result,6
best aviation institute in Ahmedabad,11,10,11th page 10th result,12,10,12th page 10th result,3
best aviation institute in Vadodara for placement,1,41,1st page 41st result,2,6,2nd page 6th result,6
best cabin crew training institute in Gujarat,1,28,1st page 28th result,2,14,2nd page 14th result,6
best ground staff training in Gujarat,1,23,1st page 23rd result,3,8,3rd page 8th result,6
best hotel management college in Vadodara,3,7,3rd page 7th result,5,1,5th page 1st result,6
best institute for flight steward in Gujarat,1,28,1st page 28th result,2,7,2nd page 7th result,5
best pilot training institute in Gujarat,7,8,7th page 8th result,9,12,9th page 12th result,5
cabin crew academy in Surat,4,1,4th page 1st result,5,14,5th page 14th result,6
cabin crew course duration 6 months vs 1 year,2,14,2nd page 14th result,5,10,5th page 10th result,6
cabin crew course eligibility for female,2,3,2nd page 3rd result,6,17,6th page 17th result,5
cabin crew course fees in Gujarat,1,21,1st page 21st result,5,3,5th page 3rd result,5
cabin crew course fees in government colleges,1,7,1st page 7th result,6,1,6th page 1st result,2
cabin crew course fees installment options,1,17,1st page 17th result,1,25,1st page 25th result,5
cabin crew course with english speaking,1,15,1st page 15th result,9,9,9th page 9th result,6
cabin crew height and weight requirements India,1,33,1st page 33rd result,14,7,14th page 7th result,4
cabin crew institute in Rajkot,2,6,2nd page 6th result,2,11,2nd page 11th result,6
cabin crew salary in Emirates for Indian freshers,2,14,2nd page 14th result,6,3,6th page 3rd result,3
cabin crew salary in Gujarat,2,6,2nd page 6th result,4,9,4th page 9th result,6
cabin crew training for male candidates in India,1,15,1st page 15th result,4,5,4th page 5th result,5
cabin crew training in Ahmedabad,5,12,5th page 12th result,7,7,7th page 7th result,5
cabin crew training institute admission criteria,6,3,6th page 3rd result,8,10,8th page 10th result,5
cabin crew training institute contact details,2,12,2nd page 12th result,3,3,3rd page 3rd result,2
cabin crew training institute fees structure,3,7,3rd page 7th result,6,1,6th page 1st result,5
cabin crew training institute placement record,1,30,1st page 30th result,9,6,9th page 6th result,6
cabin crew training institute reviews Vadodara,1,18,1st page 18th result,2,7,2nd page 7th result,5
cabin crew training with swimming classes,2,5,2nd page 5th result,4,4,4th page 4th result,5
flight attendant course for 12th pass,3,3,3rd page 3rd result,7,7,7th page 7th result,6
flight attendant training cost in Gujarat,1,23,1st page 23rd result,2,3,2nd page 3rd result,4
flight attendant training institute in Rajkot,2,5,2nd page 5th result,2,17,2nd page 17th result,6
flight attendant training institute reviews,8,15,8th page 15th result,8,15,8th page 15th result,1
flight steward salary in India domestic airlines,2,11,2nd page 11th result,3,17,3rd page 17th result,4
government aviation colleges in India for cabin crew,7,14,7th page 14th result,7,14,7th page 14th result,1
ground staff course details in Gujarat,1,17,1st page 17th result,10,9,10th page 9th result,6
ground staff course in Gujarat,1,7,1st page 7th result,8,5,8th page 5th result,5
ground staff institute in Surat,2,11,2nd page 11th result,3,1,3rd page 1st result,6
ground staff jobs in Vadodara airport,3,11,3rd page 11th result,4,10,4th page 10th result,6
ground staff requirements in Gujarat,4,12,4th page 12th result,8,8,8th page 8th result,6
ground staff training in Vadodara,1,3,1st page 3rd result,2,7,2nd page 7th result,5
ground staff training institute in Ahmedabad,5,7,5th page 7th result,7,9,7th page 9th result,5
hospitality courses in Vadodara,2,3,2nd page 3rd result,2,15,2nd page 15th result,6
hospitality training in Vadodara,1,5,1st page 5th result,1,30,1st page 30th result,6
hotel management colleges in Vadodara,3,16,3rd page 16th result,5,5,5th page 5th result,6
hotel management course after 10th in Gujarat,3,15,3rd page 15th result,6,5,6th page 5th result,6
hotel management course duration in Gujarat,5,13,5th page 13th result,9,5,9th page 5th result,6
hotel management course fees in Vadodara,3,7,3rd page 7th result,5,2,5th page 2nd result,6
hotel management course near me,2,8,2nd page 8th result,2,8,2nd page 8th result,1
hotel management in Baroda,3,16,3rd page 16th result,3,16,3rd page 16th result,1
hotel management institute near me,2,6,2nd page 6th result,2,6,2nd page 6th result,1
how to become a cabin crew after 12th arts,2,2,2nd page 2nd result,3,17,3rd page 17th result,6
how to join international airlines from India,8,4,8th page 4th result,14,1,14th page 1st result,6
part-time aviation courses in Vadodara,1,9,1st page 9th result,1,21,1st page 21st result,6
pilot training fees in Vadodara,4,1,4th page 1st result,4,16,4th page 16th result,6
pilot training scholarship Gujarat,9,3,9th page 3rd result,10,6,10th page 6th result,2
pilot training school in Gujarat,7,16,7th page 16th result,10,1,10th page 1st result,6
travel and tourism course in Vadodara,2,6,2nd page 6th result,3,17,3rd page 17th result,6
travel and tourism institute near me,1,32,1st page 32nd result,1,32,1st page 32nd result,1
wings institute hotel management,1,1,1st page 1st result,1,1,1st page 1st result,4
wings institute travel tourism,1,1,1st page 1st result,3,1,3rd page 1st result,5
wings institute vadodara course fees,1,1,1st page 1st result,1,1,1st page 1st result,6
