keyword,page_num,position,timestamp
Best Education consultant for study in Portugal,,not_found,2026-02-14T15:27:22.220352
"Best PTE tuition in Parvat Patia, Surat",,not_found,2026-02-14T15:32:57.828231
"Best Digital SAT classes in Manjalpur, Vadodara",2,1,2026-02-14T15:34:35.803251
"Best SAT coaching in Odhav, Ahmedabad",3,1,2026-02-14T15:36:14.677908
Best IELTS coaching in Himatnagar,3,4,2026-02-14T15:38:18.431536
Best study abroad consultant for Switzerland,,not_found,2026-02-14T15:51:16.112947
"Best Digital SAT tuition in Ghatlodiya, Ahmedabad",4,6,2026-02-14T15:53:43.393563
"Best SAT classes in Mota Varachha, Surat",,not_found,2026-02-14T16:01:45.855580
Best GRE tuition in Visnagar,2,10,2026-02-14T16:03:20.848106
"Best Digital SAT tuition in Vesu, Surat",,not_found,2026-02-14T16:09:47.368221
"Best DSAT tuition in Ghod Dod Road, Surat",2,5,2026-02-14T16:11:36.168676
Best SAT classes in Himatnagar,,not_found,2026-02-14T16:13:23.277448
How to get admission for studying in New Zealand,,not_found,2026-02-14T16:26:55.337676
Best IELTS coaching in Nadiad,,not_found,2026-02-14T16:34:11.821935
How to get admission for studying in USA,,not_found,2026-02-14T16:47:42.273761
Best D-SAT tusion in Kalol,3,6,2026-02-14T16:49:26.438237
Best Education consultant for Romania,,not_found,2026-02-14T16:55:53.271714
"Best Digital SAT classes in Ghatlodiya, Ahmedabad",4,11,2026-02-14T16:57:57.219825
"Best SAT classes in Maninagar, Ahmedabad",,not_found,2026-02-14T17:01:52.621133
"Best GRE tuition in Vesu, Surat",,not_found,2026-02-14T17:09:00.906153
"Best SAT coaching in Maninagar, Ahmedabad",,not_found,2026-02-14T17:18:21.883590
"Best D-SAT tuition in Nikol, Ahmedabad",,not_found,2026-02-14T17:25:22.504039
"Best IELTS tuition in Maninagar, Ahmedabad",,not_found,2026-02-14T17:34:34.500458
Best Education consultant for study in Czech Republic,,not_found,2026-02-14T17:39:48.962698
"Best D-SAT tuition in Alkapuri, Vadodara",2,1,2026-02-14T17:41:26.454873
How to get visa for studying in Norway,,not_found,2026-02-14T17:45:18.319576
How to get visa for studying in New Zealand,,not_found,2026-02-14T17:55:18.798126
"Best DSAT classes in Maninagar, Ahmedabad",,not_found,2026-02-14T18:03:38.956132
"Best D-SAT classes in Parvat Patia, Surat",1,33,2026-02-14T18:05:07.358071
Best Education consultant for study in United Kingdom,,not_found,2026-02-14T18:23:47.956840
Best IELTS tuition in India,,not_found,2026-02-14T18:35:22.092402
"Best IELTS tuition in Naroda, Ahmedabad",5,10,2026-02-14T18:38:10.245162
"Best TOEFL coaching in Mota Varachha, Surat",,not_found,2026-02-14T18:42:38.169962
Best TOEFL tuition in Visnagar,1,20,2026-02-14T18:44:14.100305
Best IELTS coaching in Visnagar,4,8,2026-02-14T18:46:27.778564
Best SAT classes in Visnagar,,not_found,2026-02-14T18:49:52.656710
"Best IELTS coching in Nizampura, Vadodara",1,39,2026-02-14T18:51:23.299795
Best PTE coaching in Himatnagar,1,53,2026-02-14T18:52:51.446494
Best Education consultant for Sweden,,not_found,2026-02-14T19:07:04.025602
Best D-SAT classes in Mehsana,3,8,2026-02-14T19:08:59.564870
"Best TOEFL tuition in Parvat Patia, Surat",1,19,2026-02-14T19:10:33.070390
"Best PTE tuition in Bapunagar, Ahmedabad",,not_found,2026-02-14T19:12:42.035108
"Best Digital SAT tuition in New Vip Road, Vadodara",1,15,2026-02-14T19:13:58.844145
"Best IELTS tuition in Bapunagar, Ahmedabad",1,33,2026-02-14T19:15:25.356629
Best IELTS coaching in Navsari,5,3,2026-02-14T19:17:47.847974
How to get visa for studying in Slovakia,,not_found,2026-02-14T19:19:44.592240
"Best IELTS tuition in Katargam, Surat",3,5,2026-02-14T19:21:43.194578
Best TOEFL tuition in Navsari,4,14,2026-02-14T19:23:44.878395
Best study abroad consultant for study in Greece,,not_found,2026-02-14T19:25:53.063649
Best study abroad consultant for Spain,,not_found,2026-02-14T19:31:59.319958
Best D-SAT tuition in Himatnagar,2,17,2026-02-14T19:33:29.467491
Best GRE coaching in Visnagar,3,18,2026-02-14T19:35:18.095300
Best Digital SAT classes in Himatnagar,1,19,2026-02-14T19:36:30.951756
Best SAT classes in India,,not_found,2026-02-17T11:41:37.677689
"Best TOEFL tuition in Alkapuri, Vadodara",1,7,2026-02-17T11:42:50.959403
Best SAT classes in Bharuch,2,17,2026-02-17T11:44:34.789897
"Best SAT classes in Ghod Dod Road, Surat",2,14,2026-02-17T11:45:56.177031
"Best SAT coaching in Bapunagar, Ahmedabad",,not_found,2026-02-17T11:47:37.059652
"Best IELTS tuition in Alkapuri, Vadodara",5,5,2026-02-17T11:49:55.227690
Best study abroad consultant for study in Italy,,not_found,2026-02-17T12:01:01.917264
"Best Digital SAT coaching in Manjalpur, Vadodara",2,15,2026-02-17T12:02:28.439554
"Best Digital SAT classes in Nikol, Ahmedabad",1,1,2026-02-17T12:03:32.462451
"Best PTE coaching in Katargam, Surat",5,2,2026-02-17T12:05:43.339493
Best study abroad consultant for Hungary,,not_found,2026-02-17T12:14:49.387772
"Best Digital SAT coaching in Odhav, Ahmedabad",,not_found,2026-02-17T12:20:00.420524
"Best D-SAT tuition in Bapunagar, Ahmedabad",2,8,2026-02-17T12:21:18.511996
"Best PTE coaching in Alkapuri, Vadodara",2,8,2026-02-17T12:22:42.295107
Best study abroad consultant for study in Norway,,not_found,2026-02-17T12:34:16.692632
"Best DSAT classes in Bapunagar, Ahmedabad",2,16,2026-02-17T12:35:33.629892
"Best Digital SAT clases in New Vip Road, Vadodara",1,15,2026-02-17T12:36:59.384307
"Best GRE coching in Naroda, Ahmedabad",5,5,2026-02-17T12:39:04.275518
Best study abroad consulatant for study in Croatia,,not_found,2026-02-17T12:49:23.258355
Best GRE classes in Himatnagar,1,31,2026-02-17T12:50:47.258290
Best study abroad consultant for Japan,,not_found,2026-02-17T12:53:29.039165
"Best IELTS classes in New Vip Road, Vadodara",2,15,2026-02-17T13:06:44.615180
"Best DSAT tuition in Odhav, Ahmedabad",2,17,2026-02-17T13:08:32.414023
"Best DSAT coching in Chandkheda, Ahmedabad",,not_found,2026-02-17T13:10:25.909288
Best Digital SAT classes in Mehsana,1,11,2026-02-17T13:11:32.643797
"Best Digital SAT coaching in Nizampura, Vadodara",,not_found,2026-02-17T13:17:16.933920
Best study abroad consultant for Luxembourg,8,10,2026-02-17T13:21:11.769862
Best study abroad consultant for Australia,,not_found,2026-02-17T13:23:32.950188
"Best SAT coaching in Katargam, Surat",3,1,2026-02-17T13:25:30.206681
"Best SAT tuition in Nikol, Ahmedabad",,not_found,2026-02-17T13:27:22.870413
How to get visa for studying in Switzerland,,not_found,2026-02-17T13:41:05.607959
"Best TOEFL classes in Manjalpur, Vadodara",1,4,2026-02-17T13:42:19.695174
Best Education consultant for study in Malta,,not_found,2026-02-17T13:46:24.385360
Best study abroad consultant for Iceland,,not_found,2026-02-17T13:54:53.304007
"Best DSAT clases in Naroda, Ahmedabad",4,8,2026-02-17T13:57:17.516808
"Best IELTS tuition in Ghod Dod Road, Surat",4,14,2026-02-17T13:59:26.386379
"Best DSAT coaching in Memnagar, Ahmedabad",,not_found,2026-02-17T14:01:19.170793
"Best DSAT coaching in Mota Varachha, Surat",2,7,2026-02-17T14:02:48.087662
How to get visa for studying in Singapore,,not_found,2026-02-17T14:16:59.418285
Best Education consultant for UAE,,not_found,2026-02-17T14:18:39.298809
"Best TOEFL classes in Ghatlodiya, Ahmedabad",3,10,2026-02-17T14:20:22.986972
"Best GRE tuition in Vallabh Vidyanagar, Anand",3,5,2026-02-17T14:22:13.564004
"Best DSAT coaching in New Vip Road, Vadodara",,not_found,2026-02-17T14:24:11.751977
"Best TOEFL coaching in Chandkheda, Ahmedabad",2,5,2026-02-17T14:47:40.746168
"Best Digital SAT tuition in Maninagar, Ahmedabad",,not_found,2026-02-17T14:49:42.446937
"Best D-SAT tuition in Maninagar, Ahmedabad",3,16,2026-02-17T14:51:23.400080
How to get admission for studying in Slovenia,,not_found,2026-02-17T14:59:07.511963
"Best GRE tuition in Ghatlodiya, Ahmedabad",2,11,2026-02-17T15:00:41.162624
"Best SAT classes in Parvat Patia, Surat",2,15,2026-02-17T15:02:11.668309
Best Digital SAT coaching in Navsari,1,11,2026-02-17T15:03:50.409420
Best TOEFL coaching in Visnagar,2,8,2026-02-17T15:05:25.250146
"Best DSAT coaching in Odhav, Ahmedabad",,not_found,2026-02-17T15:11:58.942382
"Best IELTS coaching in New Vip Road, Vadodara",2,9,2026-02-17T15:14:00.463006
"Best TOEFL classes in Bapunagar, Ahmedabad",4,13,2026-02-17T15:16:16.292487
"Best IELTS coaching in Vallabh Vidyanagar, Anand",3,17,2026-02-17T15:18:31.097228
Best Education consultant for study in Greece,,not_found,2026-02-17T15:23:36.317909
Best TOEFL coaching in Himatnagar,1,16,2026-02-17T15:24:41.497826
Best DSAT coaching in India,,not_found,2026-02-17T15:34:18.776562
Best PTE tuition in Himatnagar,1,22,2026-02-17T15:35:37.244200
Best D-SAT classes in Vapi,4,7,2026-02-17T15:38:22.775849
"Best PTE tuition in Manjalpur, Vadodara",4,4,2026-02-17T15:40:29.290854
"Best TOEFL coaching in Alkapuri, Vadodara",1,4,2026-02-17T15:42:08.887406
Best TOEFL classes in Navsari,1,22,2026-02-17T15:43:33.833878
Best PTE classes in Himatnagar,1,7,2026-02-17T15:45:08.682578
Best DSAT coaching in Navsari,,not_found,2026-02-17T15:47:15.316812
"Best Digital SAT tuition in Nikol, Ahmedabad",,not_found,2026-02-17T15:54:39.675699
"Best DSAT classes in Mota Varachha, Surat",2,6,2026-02-17T16:07:05.970000
"Best D-SAT tuition in Naroda, Ahmedabad",5,7,2026-02-17T16:09:46.029185
"Best PTE tuition in Odhav, Ahmedabad",4,5,2026-02-17T16:11:53.554779
Best IELTS coaching in Vapi,,not_found,2026-02-17T16:13:33.038751
"Best D-SAT tuition in Odhav, Ahmedabad",3,11,2026-02-17T16:15:20.563820
Best Education consultant for Austria,,not_found,2026-02-17T16:17:59.487729
Best PTE tuition in Vapi,1,50,2026-02-17T16:19:22.609539
Best D-SAT coaching in Kalol,1,5,2026-02-17T16:20:31.700090
"Best DSAT tuition in Vesu, Surat",3,2,2026-02-17T16:22:34.168362
Best DSAT classes in India,,not_found,2026-02-17T16:32:11.152037
Best Digital SAT coaching in Visnagar,3,1,2026-02-17T16:34:15.117862
Best PTE coaching in Nadiad,3,10,2026-02-17T16:36:18.758063
"Best IELTS coaching in Bapunagar, Ahmedabad",,not_found,2026-02-17T16:38:30.089815
"Best IELTS classes in Chandkheda, Ahmedabad",4,3,2026-02-17T16:40:28.388620
"Best TOEFL classes in Katargam, Surat",3,8,2026-02-17T16:42:24.682807
"Best DSAT coaching in Nikol, Ahmedabad",,not_found,2026-02-17T16:49:53.650600
"Best GRE coaching in Nikol, Ahmedabad",1,3,2026-02-17T16:51:21.577928
Best study abroad consultant for study in Denmark,,not_found,2026-02-17T17:00:58.795811
"Best Digital SAT coaching in Vesu, Surat",2,14,2026-02-17T17:02:59.459283
"Best D-SAT classes in New Vip Road, Vadodara",1,13,2026-02-17T17:04:13.701499
How to get visa for studying in Bulgaria,,not_found,2026-02-17T17:17:47.621861
"Best GRE classes in Bapunagar, Ahmedabad",3,9,2026-02-17T17:19:26.379075
How to get visa for studying in United Kingdom,,not_found,2026-02-17T17:23:40.934751
"Best GRE tuition in Nikol, Ahmedabad",1,1,2026-02-17T17:25:22.133031
Best Digital SAT classes in Navsari,3,15,2026-02-17T17:38:43.592482
"Best Digital SAT tuition in Odhav, Ahmedabad",1,17,2026-02-17T17:40:01.245832
Best study abroad consultant for Romania,,not_found,2026-02-17T17:45:48.881617
"Best GRE coaching in Alkapuri, Vadodara",3,7,2026-02-17T17:47:31.546233
Best Digital SAT coaching in Himatnagar,1,3,2026-02-17T17:48:41.383135
Best PTE tuition in Mehsana,2,15,2026-02-17T17:50:30.497983
Best PTE tuition in Nadiad,1,55,2026-02-17T17:52:02.884211
Best D-SAT coaching in Himatnagar,,not_found,2026-02-17T17:53:49.160568
Best study abroad consultant for study in Spain,,not_found,2026-02-17T17:55:52.726295
"Best DSAT coaching in Manjalpur, Vadodara",3,1,2026-02-17T17:57:48.800392
"Best PTE tuition in Nikol, Ahmedabad",7,5,2026-02-17T18:00:51.757513
How to get visa for studying in Sweden,,not_found,2026-02-17T18:15:53.291837
"Best PTE tuition in Katargam, Surat",1,1,2026-02-17T18:17:36.316436
"Best PTE classes in Chandkheda, Ahmedabad",4,13,2026-02-17T18:20:23.038313
"Best GRE tuition in Ghod Dod Road, Surat",2,10,2026-02-17T18:22:00.250200
"Best D-SAT classes in Manjalpur, Vadodara",2,7,2026-02-17T18:23:40.789882
"Best TOEFL coaching in Bapunagar, Ahmedabad",4,13,2026-02-17T18:26:20.208243
"Best SAT tuition in Nizampura, Vadodara",,not_found,2026-02-17T18:28:12.446291
How to get admission for studying in Finland,,not_found,2026-02-17T18:34:38.139818
Best DSAT tuition in India,8,17,2026-02-17T18:38:11.794920
"Best GRE classes in Katargam, Surat",1,1,2026-02-17T18:39:47.934902
"Best D-SAT coching in Nikol, Ahmedabad",,not_found,2026-02-17T18:42:10.051528
Best GRE coaching in Gujarat,,not_found,2026-02-17T18:47:42.940329
Best GRE tuition in Nadiad,1,13,2026-02-17T18:49:27.219790
Best Education consultant for study in Japan,,not_found,2026-02-17T18:53:57.732622
"Best IELTS tuition in Vallabh Vidyanagar, Anand",5,11,2026-02-17T18:55:59.085926
Best GRE classes in Mehsana,,not_found,2026-02-17T19:11:02.752141
"Best D-SAT coaching in Alkapuri, Vadodara",,not_found,2026-02-17T19:14:39.816641
Best DSAT classes in Mehsana,1,18,2026-02-17T19:16:05.348672
"Best Digital SAT classes in Vallabh Vidyanagar, Anand",,not_found,2026-02-17T19:21:21.219312
"Best TOEFL classes in Nizampura, Vadodara",,not_found,2026-02-17T19:25:35.184093
"Best GRE coaching in Ghatlodiya, Ahmedabad",,not_found,2026-02-17T19:29:20.478334
Best SAT tuition in Visnagar,,not_found,2026-02-17T19:38:12.957343
"Best TOEFL tuition in Memnagar, Ahmedabad",,not_found,2026-02-17T19:42:14.595103
"Best SAT coaching in Parvat Patia, Surat",,not_found,2026-02-17T19:44:03.649403
Best study abroad consultant for Netherlands,,not_found,2026-02-17T19:50:16.543946
Best GRE tuition in Navsari,,not_found,2026-02-17T19:54:11.520105
"Best Digital SAT tuition in Katargam, Surat",,not_found,2026-02-17T19:58:00.838184
"Best SAT coaching in Chandkheda, Ahmedabad",,not_found,2026-02-17T20:06:09.199939
Best study abroad consultant for Latvia,,not_found,2026-02-17T20:18:30.730382
Best GRE classes in Gujarat,,not_found,2026-02-17T20:24:32.168396
"Best PTE classes in Vallabh Vidyanagar, Anand",,not_found,2026-02-17T20:29:23.477690
"Best Digital SAT coaching in Parvat Patia, Surat",,not_found,2026-02-17T20:43:44.231406
"Best PTE coaching in Bapunagar, Ahmedabad",,not_found,2026-02-17T20:47:17.203932
"Best GRE classes in Memnagar, Ahmedabad",,not_found,2026-02-17T20:51:14.812569
"Best Digital SAT tution in Mota Varachha, Surat",,not_found,2026-02-17T20:54:43.668006
"Best DSAT classes in Vesu, Surat",3,8,2026-02-17T20:56:29.020279
Best DSAT classes in Vapi,2,11,2026-02-17T20:58:12.519623
Best Education consultant for study in Italy,,not_found,2026-02-17T21:08:17.387883
Best TOEFL tuition in Gujarat,9,14,2026-02-17T21:10:54.472816
"Best PTE coaching in Ghatlodiya, Ahmedabad",4,8,2026-02-17T21:12:53.164192
How to get visa for studying in Russia,,not_found,2026-02-17T21:23:59.992590
Best SAT tuition in Nadiad,1,18,2026-02-17T21:25:22.128078
Best TOEFL coaching in Nadiad,,not_found,2026-02-17T21:27:23.950636
Best D-SAT tuition in Mehsana,2,12,2026-02-17T21:28:59.125105
Best Education consultant for Greece,,not_found,2026-02-17T21:37:24.558049
"Best GRE coaching in Parvat Patia, Surat",1,13,2026-02-17T21:39:07.105958
Best study abroad consultant for study in Poland,,not_found,2026-02-17T21:49:50.227865
"Best GRE clases in Ghatlodiya, Ahmedabad",3,1,2026-02-17T21:51:24.444997
Best PTE tuition in Gujarat,2,6,2026-02-17T21:52:59.950244
How to get visa for studing in Cyprus,,not_found,2026-02-17T22:01:16.545826
"Best DSAT classes in Katargam, Surat",2,9,2026-02-17T22:24:51.878086
How to get visa for studying in Portugal,,not_found,2026-02-17T22:38:35.443797
"Best DSAT tuition in Bapunagar, Ahmedabad",2,11,2026-02-17T22:40:31.329856
Best study abroad consultant for study in Bulgaria,,not_found,2026-02-17T22:42:33.280415
Best IELTS tuition in Himatnagar,2,11,2026-02-17T22:44:05.737098
How to get visa for studying in Luxembourg,3,11,2026-02-17T22:46:00.259001
"Best SAT tuition in Katargam, Surat",1,2,2026-02-17T22:47:26.754330
Best DSAT classes in Himatnagar,1,21,2026-02-17T22:48:58.073901
Best PTE coaching in Visnagar,1,46,2026-02-17T22:50:32.397686
Best IELTS tuition in Gujarat,8,13,2026-02-17T22:54:09.053150
"Best Digital SAT coaching in Katargam, Surat",1,2,2026-02-17T22:55:36.456889
"Best SAT tuition in Ghatlodiya, Ahmedabad",3,12,2026-02-17T22:58:03.359039
"Best IELTS classes in Vesu, Surat",2,4,2026-02-17T22:59:32.904135
Best D-SAT coaching in Visnagar,1,5,2026-02-17T23:01:05.052655
Best D-SAT tuition in Visnagar,1,7,2026-02-17T23:02:29.526041
"Best IELTS tuition in Manjalpur, Vadodara",4,3,2026-02-17T23:04:54.882398
"Best TOEFL classes in New Vip Road, Vadodara",1,6,2026-02-17T23:06:58.024417
Best D-SAT classes in Kalol,6,4,2026-02-17T23:09:48.129258
Best D-SAT tuition in Navsari,3,14,2026-02-17T23:11:32.506314
"Best TOEFL tuition in Ghatlodiya, Ahmedabad",6,5,2026-02-17T23:14:25.939080
"Best IELTS tuition in Nikol, Ahmedabad",,not_found,2026-02-17T23:19:53.130340
"Best D-SAT coching in Manjalpur, Vadodara",2,13,2026-02-17T23:21:36.899918
Best Education consultant for Australia,,not_found,2026-02-17T23:26:56.972883
"Best PTE coaching in Memnagar, Ahmedabad",5,12,2026-02-17T23:29:36.431692
"Best SAT tuition in Odhav, Ahmedabad",4,8,2026-02-17T23:31:50.306041
"Best Digital SAT classes in Chandkheda, Ahmedabad",3,4,2026-02-17T23:46:06.875893
"Best D-SAT coaching in Vesu, Surat",2,12,2026-02-17T23:48:10.355948
"Best SAT classes in Nizampura, Vadodara",3,7,2026-02-17T23:50:25.280254
How to get admission for studying in Malta,,not_found,2026-02-17T23:53:51.973409
Best GRE classes in India,,not_found,2026-02-17T23:59:44.644388
Best TOEFL tusion in Himatnagar,1,14,2026-02-18T00:01:11.316267
"Best IELTS tuition in Mota Varachha, Surat",1,17,2026-02-18T00:02:41.457178
Best PTE tuition in India,8,11,2026-02-18T00:06:14.537346
"Best Digital SAT coaching in Naroda, Ahmedabad",,not_found,2026-02-18T00:08:17.515377
"Best Digital SAT classes in Nizampura, Vadodara",,not_found,2026-02-18T00:12:46.981214
Best Education consultant for study in Iceland,,not_found,2026-02-18T00:18:45.007215
"Best PTE tuition in Ghatlodiya, Ahmedabad",4,2,2026-02-18T00:21:13.760638
"Best TOEFL coaching in Vesu, Surat",2,11,2026-02-18T00:23:06.525531
"Best TOEFL tuition in New Vip Road, Vadodara",1,5,2026-02-18T00:24:33.268029
"Best SAT classes in Odhav, Ahmedabad",,not_found,2026-02-18T00:31:57.191189
Best IELTS tuition in Vapi,1,32,2026-02-18T00:33:33.857772
"Best DSAT classes in Manjalpur, Vadodara",,not_found,2026-02-18T00:35:39.277795
"Best D-SAT coaching in New Vip Road, Vadodara",,not_found,2026-02-18T00:37:49.105751
Best study abroad consultant for study in Portugal,,not_found,2026-02-18T00:42:35.437342
"Best GRE classes in Nikol, Ahmedabad",1,1,2026-02-18T00:43:49.091229
Best Education consultant for study in Norway,,not_found,2026-02-18T00:51:01.130638
Best Education consultant for Czech Republic,,not_found,2026-02-18T00:57:02.682993
"Best PTE classes in Odhav, Ahmedabad",4,4,2026-02-18T00:59:06.037442
Best TOEFL classes in Visnagar,2,7,2026-02-18T01:00:38.304365
Best study aboad consultant for study in USA,,not_found,2026-02-18T01:03:43.713107
Best IELTS classes in Nadiad,1,26,2026-02-18T01:13:12.436840
"Best D-SAT coaching in Memnagar, Ahmedabad",3,14,2026-02-18T01:15:06.368316
"Best IELTS classes in Katargam, Surat",3,10,2026-02-18T01:16:57.195741
"Best IELTS coaching in Maninagar, Ahmedabad",,not_found,2026-02-18T01:21:33.889250
"Best GRE classes in Alkapuri, Vadodara",3,6,2026-02-18T01:23:17.814789
Best DSAT tuition in Vapi,,not_found,2026-02-18T01:27:10.123236
"Best IELTS coaching in Ghatlodiya, Ahmedabad",3,16,2026-02-18T01:28:55.553005
Best IELTS clases in Visnagar,2,5,2026-02-18T01:40:50.698195
Best Digital SAT classes in Bharuch,2,13,2026-02-18T01:42:18.616302
Best D-SAT coaching in Nadiad,5,7,2026-02-18T01:44:40.618824
Best GRE tuition in Vapi,,not_found,2026-02-18T01:46:17.178384
"Best D-SAT classes in Katargam, Surat",4,9,2026-02-18T01:48:31.977535
Best Education consultant for study in Denmark,,not_found,2026-02-18T01:52:11.189675
How to get visa for studying in Poland,,not_found,2026-02-18T02:05:28.038588
Best GRE tuition in Gujarat,,not_found,2026-02-18T02:08:59.397062
Best PTE classes in Gujarat,4,1,2026-02-18T02:10:59.198498
"Best D-SAT tuition in Vesu, Surat",2,4,2026-02-18T02:12:23.128625
Best PTE coaching in Mehsana,,not_found,2026-02-18T02:14:49.634290
Best study abroad consultant for Belgium,,not_found,2026-02-18T02:26:53.849844
Best Digital SAT classes in India,,not_found,2026-02-18T02:31:15.972940
"Best TOEFL coachin in Nizampura, Vadodara",1,4,2026-02-18T02:32:18.910388
Best GRE tuition in Kalol,1,4,2026-02-18T02:33:44.378631
Best GRE classes in Nadiad,,not_found,2026-02-18T02:35:22.521888
How to get visa for studying in Germany,,not_found,2026-02-18T02:37:53.442101
"Best SAT tusion in Memnagar, Ahmedabad",3,7,2026-02-18T02:39:54.088076
Best TOEFL classes in India,,not_found,2026-02-18T02:49:41.219705
"Best PTE tuition in Mota Varachha, Surat",1,44,2026-02-18T02:50:39.336231
Best SAT coaching in India,,not_found,2026-02-18T02:53:44.791956
Best TOEFL classes in Mehsana,3,1,2026-02-18T02:55:20.613918
Best study abroad consultant for study in Ireland,,not_found,2026-02-18T03:02:17.981069
Best PTE classes in Visnagar,1,41,2026-02-18T03:12:18.829533
Best SAT coachin in Nadiad,,not_found,2026-02-18T03:14:49.957041
Best study abroad consultant for study in Australia,,not_found,2026-02-18T03:29:34.133477
"Best DSAT classes in Ghatlodiya, Ahmedabad",4,15,2026-02-18T03:32:17.701199
How to get admission for studying in Spain,,not_found,2026-02-18T03:36:32.042567
Best study abroad consultant for Bulgaria,,not_found,2026-02-18T03:38:26.490371
Best TOEFL tuition in Mehsana,2,14,2026-02-18T03:40:24.638701
Best PTE coaching in Bharuch,1,51,2026-02-18T03:41:49.799590
How to get admission for studying in Denmark,,not_found,2026-02-18T03:44:15.732448
Best study abroad consultant for study in Czech Republic,4,11,2026-02-18T03:46:52.230431
"Best PTE coaching in Manjalpur, Vadodara",4,4,2026-02-18T03:48:56.834182
"Best DSAT tuition in Manjalpur, Vadodara",,not_found,2026-02-18T03:50:57.886517
How to get admision for studying in Australia,,not_found,2026-02-18T04:05:00.303538
How to get visa for studying in Lithuania,,not_found,2026-02-18T04:10:42.628037
"Best Digital SAT classes in Parvat Patia, Surat",4,1,2026-02-18T04:12:37.567554
"Best GRE tuition in Katargam, Surat",1,1,2026-02-18T04:13:41.279094
Best Digital SAT coaching in Mehsana,1,9,2026-02-18T04:14:51.998776
"Best Digital SAT classes in Vesu, Surat",1,23,2026-02-18T04:16:07.086658
How to get admission for studying in Russia,,not_found,2026-02-18T04:21:11.262154
Best Education consultant for Croatia,,not_found,2026-02-18T04:27:12.866029
Best study abroad consultant for France,7,6,2026-02-18T04:30:11.826290
"Best DSAT classes in Alkapuri, Vadodara",2,17,2026-02-18T04:32:22.432182
"Best DSAT coaching in Ghod Dod Road, Surat",2,5,2026-02-18T04:51:23.842799
Best DSAT classes in Visnagar,1,9,2026-02-18T04:53:08.842793
Best Education consultant for study in Singapore,,not_found,2026-02-18T05:05:20.656449
"Best PTE classes in Memnagar, Ahmedabad",4,11,2026-02-18T05:07:40.652798
Best Education consultant for study in Croatia,,not_found,2026-02-18T05:10:18.013997
"Best GRE classes in Odhav, Ahmedabad",3,5,2026-02-18T05:12:17.752899
"Best D-SAT tuition in Ghatlodiya, Ahmedabad",4,5,2026-02-18T05:14:28.697812
"Best GRE tuition in Mota Varachha, Surat",,not_found,2026-02-18T05:16:23.615190
"Best DSAT tuition in Ghatlodiya, Ahmedabad",3,9,2026-02-18T05:18:24.426178
Best Education consultant for Latvia,,not_found,2026-02-18T05:23:04.384177
How to get admission for studying in Hungary,,not_found,2026-02-18T05:29:44.989110
"Best SAT classes in Ghatlodiya, Ahmedabad",5,1,2026-02-18T05:32:10.434802
"Best SAT classes in Bapunagar, Ahmedabad",4,1,2026-02-18T05:34:25.335925
Best study abroad consultant for Cyprus,,not_found,2026-02-18T05:36:50.525273
"Best D-SAT coaching in Maninagar, Ahmedabad",3,11,2026-02-18T05:38:53.732629
"Best TOEFL classes in Vesu, Surat",2,1,2026-02-18T05:41:03.386894
"Best D-SAT tuition in Manjalpur, Vadodara",4,11,2026-02-18T05:43:43.760722
Best DSAT tuition in Himatnagar,1,18,2026-02-18T05:45:15.250993
Best DSAT tuition in Kalol,1,13,2026-02-18T05:46:44.834581
"Best SAT coaching in Naroda, Ahmedabad",3,10,2026-02-18T05:48:20.006988
Best study abroad consultant for study in Lithuania,,not_found,2026-02-18T05:51:11.691941
"Best DSAT tuition in Chandkheda, Ahmedabad",,not_found,2026-02-18T05:58:06.245000
"Best GRE classes in Naroda, Ahmedabad",3,9,2026-02-18T06:00:16.839020
Best GRE classes in Bharuch,1,29,2026-02-18T06:01:46.353412
"Best TOEFL coaching in Vallabh Vidyanagar, Anand",2,13,2026-02-18T06:03:17.401769
Best D-SAT classes in Himatnagar,,not_found,2026-02-18T06:59:23.658169
"Best GRE coching in Vallabh Vidyanagar, Anand",2,17,2026-02-18T07:01:02.265110
Best study abroad consultant for study in New Zealand,,not_found,2026-02-18T07:03:31.256552
"Best SAT coaching in Alkapuri, Vadodara",3,7,2026-02-18T07:05:08.150676
"Best D-SAT classes in Chandkheda, Ahmedabad",1,14,2026-02-18T07:06:19.567081
Best Education consultant for study in Romania,,not_found,2026-02-18T07:15:30.270593
"Best GRE coaching in Manjalpur, Vadodara",2,11,2026-02-18T07:16:56.986653
"Best PTE tuition in Maninagar, Ahmedabad",,not_found,2026-02-18T07:21:29.310828
Best D-SAT tuition in India,,not_found,2026-02-18T07:33:52.274236
Best PTE classes in Bharuch,1,47,2026-02-18T07:35:00.890659
"Best D-SAT tuition in Katargam, Surat",1,21,2026-02-18T07:36:29.227818
"Best DSAT tuition in Vallabh Vidyanagar, Anand",2,11,2026-02-18T07:38:10.483547
Best D-SAT classes in Bharuch,,not_found,2026-02-18T07:40:56.220760
Best Education consultant for study in UAE,,not_found,2026-02-18T07:47:49.345010
"Best GRE coaching in Memnagar, Ahmedabad",5,6,2026-02-18T07:50:23.654701
How to get admission for studying in Italy,,not_found,2026-02-18T08:05:12.603723
How to get admission for studying in Latvia,,not_found,2026-02-18T08:18:05.013822
Best study abroad consultant for study in Slovakia,,not_found,2026-02-18T08:55:45.519729
"Best SAT tuition in Maninagar, Ahmedabad",,not_found,2026-02-18T08:58:18.294927
"Best PTE classes in Maninagar, Ahmedabad",,not_found,2026-02-18T09:04:38.149630
"Best D-SAT coaching in Parvat Patia, Surat",2,18,2026-02-18T09:06:30.081760
How to get visa for studying in Ireland,,not_found,2026-02-18T09:13:27.940643
"Best GRE tuition in New Vip Road, Vadodara",1,36,2026-02-18T09:14:41.907381
"Best IELTS coachin in Vesu, Surat",1,36,2026-02-18T09:16:20.622074
Best D-SAT classes in Gujarat,3,1,2026-02-18T09:18:24.246784
Best SAT classes in Navsari,4,9,2026-02-18T09:20:27.848340
"Best PTE coaching in Mota Varachha, Surat",1,31,2026-02-18T09:21:59.319087
Best study abroad consultant for study in Belgium,,not_found,2026-02-18T09:26:01.276670
"Best PTE coaching in Maninagar, Ahmedabad",,not_found,2026-02-18T09:31:30.006400
"Best IELTS tusion in Parvat Patia, Surat",2,14,2026-02-18T09:33:11.486562
Best D-SAT coaching in India,,not_found,2026-02-18T09:44:12.392902
"Best PTE coaching in Chandkheda, Ahmedabad",4,7,2026-02-18T09:46:10.292891
How to get visa for studying in Austria,,not_found,2026-02-18T09:48:46.902325
Best D-SAT tuition in Gujarat,1,25,2026-02-18T10:05:17.383136
Best DSAT coaching in Nadiad,4,3,2026-02-18T10:07:17.226803
How to get visa for studying in Latvia,,not_found,2026-02-18T10:08:56.883998
"Best GRE tuition in Maninagar, Ahmedabad",,not_found,2026-02-18T10:16:58.764667
"Best Digital SAT classes in Mota Varachha, Surat",2,11,2026-02-18T10:18:36.553860
"Best SAT coaching in Mota Varachha, Surat",,not_found,2026-02-18T10:20:41.761719
Best GRE coaching in Navsari,1,10,2026-02-18T10:21:45.342105
"Best PTE classes in Parvat Patia, Surat",4,11,2026-02-18T10:23:45.388967
"Best IELTS coaching in Alkapuri, Vadodara",3,11,2026-02-18T10:25:52.711677
Best D-SAT coaching in Gujarat,2,14,2026-02-18T10:27:41.894528
Best SAT tuition in Vapi,2,12,2026-02-18T10:29:23.703143
Best study abroad consultant for New Zealand,,not_found,2026-02-18T10:31:50.211998
"Best DSAT tuition in New Vip Road, Vadodara",1,16,2026-02-18T10:32:58.180680
Best TOEFL tuition in Vapi,,not_found,2026-02-18T10:34:37.856035
Best Education consultant for study in Canada,,not_found,2026-02-18T10:37:46.736508
Best PTE coaching in Vapi,1,40,2026-02-18T10:38:56.321830
Best SAT coaching in Mehsana,5,1,2026-02-18T10:41:21.298403
"Best IELTS coching in Katargam, Surat",2,11,2026-02-18T10:42:50.182633
Best PTE coaching in Kalol,,not_found,2026-02-18T10:44:24.918548
Best PTE tuition in Visnagar,2,3,2026-02-18T10:46:18.615945
"Best PTE coaching in New Vip Road, Vadodara",,not_found,2026-02-18T10:48:10.637024
"Best DSAT classes in Vallabh Vidyanagar, Anand",3,13,2026-02-18T10:50:03.425862
Best IELTS tuition in Nadiad,1,38,2026-02-18T10:51:30.259866
"Best GRE classes in Vesu, Surat",2,14,2026-02-18T11:41:17.212010
"Best PTE classes in Vesu, Surat",2,10,2026-02-18T11:42:51.181524
"Best PTE classes in Nikol, Ahmedabad",,not_found,2026-02-18T11:49:08.456579
Best Digital SAT tuition in Gujarat,2,11,2026-02-18T11:50:24.667597
"Best Digital SAT classes in Odhav, Ahmedabad",,not_found,2026-02-18T11:55:04.494790
Best IELTS coaching in Mehsana,6,1,2026-02-18T11:57:06.178431
How to get visa for studying in Netherlands,,not_found,2026-02-18T12:07:31.862278
"Best D-SAT classes in Bapunagar, Ahmedabad",3,4,2026-02-18T12:09:15.145586
How to get admission for studying in Greece,,not_found,2026-02-18T12:17:40.928786
"Best TOEFL classes in Mota Varachha, Surat",,not_found,2026-02-18T12:41:52.437707
Best study abroad consultant for Czech Republic,12,15,2026-02-18T12:46:03.508930
Best study abroad consultant for Denmark,,not_found,2026-02-18T12:49:34.167648
"Best SAT tuition in Manjalpur, Vadodara",2,10,2026-02-18T12:50:55.947348
"Best PTE classes in New Vip Road, Vadodara",2,5,2026-02-18T12:52:25.379913
"Best D-SAT classes in Vallabh Vidyanagar, Anand",3,1,2026-02-18T12:54:29.608743
"Best PTE tuition in Alkapuri, Vadodara",2,14,2026-02-18T12:55:47.295737
"Best IELTS classes in Bapunagar, Ahmedabad",1,27,2026-02-18T12:56:54.882965
Best Education consultant for Slovenia,,not_found,2026-02-18T13:00:27.365651
"Best TOEFL tution in Nikol, Ahmedabad",1,2,2026-02-18T13:01:45.090804
"Best IELTS coaching in Ghod Dod Road, Surat",4,10,2026-02-18T13:03:51.330920
Best study abroad consultant for Germany,,not_found,2026-02-18T13:17:49.699219
"Best IELTS coaching in Manjalpur, Vadodara",3,14,2026-02-18T13:19:47.890091
How to get visa for studying in Australia,,not_found,2026-02-18T13:32:29.062039
Best D-SAT coaching in Mehsana,2,8,2026-02-18T13:34:23.140941
How to get visa for studying in France,,not_found,2026-02-18T13:36:49.042507
Best DSAT coaching in Visnagar,3,5,2026-02-18T13:38:31.515283
Best DSAT tuition in Mehsana,,not_found,2026-02-18T13:44:09.198954
Best study abroad consultant for study in Singapore,,not_found,2026-02-18T13:54:08.600228
"Best DSAT coaching in Bapunagar, Ahmedabad",3,1,2026-02-18T13:55:49.435133
How to get visa for studying in Greece,,not_found,2026-02-18T14:00:36.968675
Best Education consultant for United Kingdom,,not_found,2026-02-18T14:22:00.511614
Best Education consultant for Lithuania,,not_found,2026-02-18T14:34:49.268861
"Best Digital SAT tuition in Bapunagar, Ahmedabad",3,1,2026-02-18T14:36:45.726542
"Best IELTS classes in Odhav, Ahmedabad",2,9,2026-02-18T14:38:28.994609
"Best SAT classes in Alkapuri, Vadodara",2,18,2026-02-18T14:40:01.767222
"Best GRE coaching in New Vip Road, Vadodara",2,6,2026-02-18T14:41:41.357707
Best Education consultant for Cyprus,,not_found,2026-02-18T14:53:20.367838
"Best DSAT tuition in Nizampura, Vadodara",2,5,2026-02-18T14:54:53.169050
Best study abroad consultant for study in Luxembourg,1,1,2026-02-18T14:56:19.486125
Best TOEFL classes in Himatnagar,1,13,2026-02-18T14:57:26.191775
"Best IELTS coachin in Memnagar, Ahmedabad",,not_found,2026-02-18T15:00:10.674892
"Best TOEFL tuition in Manjalpur, Vadodara",2,12,2026-02-18T15:02:11.694985
"Best Digital SAT tuition in Ghod Dod Road, Surat",1,17,2026-02-18T15:03:43.742937
Best IELTS tuition in Bharuch,1,36,2026-02-18T15:05:11.089725
"Best GRE tuition in Nizampura, Vadodara",1,20,2026-02-18T15:06:19.470532
"Best TOEFL tuition in Katargam, Surat",1,1,2026-02-18T15:08:07.455847
Best GRE coching in Himatnagar,1,4,2026-02-18T15:09:09.885419
"Best Digital SAT classes in Alkapuri, Vadodara",3,18,2026-02-18T15:11:14.204351
"Best SAT tuition in Ghod Dod Road, Surat",2,13,2026-02-18T15:12:40.545990
Best IELTS coaching in India,,not_found,2026-02-18T15:16:58.068423
"Best GRE tuition in Chandkheda, Ahmedabad",3,1,2026-02-18T15:19:05.056684
Best IELTS coaching in Bharuch,1,35,2026-02-18T15:20:31.369365
How to get visa for studying in UAE,,not_found,2026-02-18T15:32:20.516741
"Best D-SAT coaching in Mota Varachha, Surat",1,16,2026-02-18T15:41:23.965957
How to get admission for studying in Croatia,,not_found,2026-02-18T15:50:06.419829
Best Education consultant for Belgium,,not_found,2026-02-18T15:57:11.060365
Best study abroad consultant for Slovakia,4,1,2026-02-18T15:59:59.362967
Best GRE tuition in India,,not_found,2026-02-18T16:03:58.989726
Best Education consultant for study in Russia,,not_found,2026-02-18T16:10:07.619810
Best SAT coaching in Bharuch,3,2,2026-02-18T16:12:01.724451
"Best SAT tution in Vesu, Surat",2,11,2026-02-18T16:13:40.147107
"Best GRE classes in Parvat Patia, Surat",1,14,2026-02-18T16:15:08.775478
Best TOEFL tuition in India,,not_found,2026-02-18T16:19:50.964064
Best SAT classes in Mehsana,2,1,2026-02-18T16:21:16.466315
How to get admission for studying in Poland,,not_found,2026-02-18T16:28:26.118900
How to get admission for studying in Portugal,,not_found,2026-02-18T16:34:31.838722
Best Digital SAT classes in Visnagar,1,6,2026-02-18T16:36:05.637749
Best Education consaltant for USA,,not_found,2026-02-18T16:41:39.517232
"Best Digital SAT coaching in Ghatlodiya, Ahmedabad",3,6,2026-02-18T16:43:43.768123
Best PTE coaching in Navsari,1,41,2026-02-18T16:44:57.090895
"Best D-SAT tuition in Vallabh Vidyanagar, Anand",,not_found,2026-02-18T16:49:08.022450
"Best DSAT tuition in Alkapuri, Vadodara",2,7,2026-02-18T16:50:41.395505
Best Education consultant for study in Australia,,not_found,2026-02-18T16:55:53.882744
"Best PTE tuition in New Vip Road, Vadodara",2,6,2026-02-18T16:57:19.959285
Best GRE coching in Kalol,1,4,2026-02-18T16:58:28.146825
"Best SAT classes in Katargam, Surat",3,5,2026-02-18T17:00:19.060559
Best GRE clasess in Kalol,1,4,2026-02-18T17:01:48.268741
"Best PTE classes in Bapunagar, Ahmedabad",,not_found,2026-02-18T17:03:51.989024
Best Education consultant for Luxembourg,,not_found,2026-02-18T17:16:43.846307
"Best TOEFL tuition in Chandkheda, Ahmedabad",4,3,2026-02-18T17:19:12.372946
"Best SAT classes in Vallabh Vidyanagar, Anand",2,12,2026-02-18T17:21:09.624546
"Best IELTS classes in Memnagar, Ahmedabad",1,27,2026-02-18T17:22:55.775996
"Best PTE classes in Nizampura, Vadodara",2,14,2026-02-18T17:34:26.662332
"Best SAT classes in New Vip Road, Vadodara",2,9,2026-02-18T17:36:09.196956
"Best TOEFL coaching in Odhav, Ahmedabad",2,11,2026-02-18T17:38:01.219854
How to get admission for studying in Romania,,not_found,2026-02-18T17:48:59.264295
How to get admission for studying in Singapore,,not_found,2026-02-18T17:55:00.068861
"Best GRE tusion in Odhav, Ahmedabad",5,2,2026-02-18T17:57:40.711438
"Best PTE coachin in Odhav, Ahmedabad",7,13,2026-02-18T18:00:30.232119
"Best PTE coaching in Vallabh Vidyanagar, Anand",4,13,2026-02-18T18:03:03.831196
Best GRE coaching in India,,not_found,2026-02-18T18:08:44.368318
"Best DSAT classes in Parvat Patia, Surat",4,9,2026-02-18T18:10:54.603185
"Best D-SAT tuition in Chandkheda, Ahmedabad",5,3,2026-02-18T18:13:00.657286
"Best SAT coaching in Manjalpur, Vadodara",2,14,2026-02-18T18:14:29.994829
Best GRE classes in Navsari,1,42,2026-02-18T18:15:47.301745
Best study abroad consultant for Croatia,,not_found,2026-02-18T18:17:40.652103
Best PTE tuition in Navsari,1,54,2026-02-18T18:18:56.407903
"Best Digital SAT classes in Katargam, Surat",1,25,2026-02-18T18:20:12.623692
Best SAT tuition in Gujarat,6,17,2026-02-18T18:23:17.068342
"Best GRE coaching in Bapunagar, Ahmedabad",3,15,2026-02-18T18:25:02.820245
"Best TOEFL coaching in Ghatlodiya, Ahmedabad",,not_found,2026-02-18T18:27:11.281307
"Best SAT classes in Nikol, Ahmedabad",,not_found,2026-02-18T18:33:03.844330
"Best SAT coaching in Vesu, Surat",4,8,2026-02-18T18:35:24.980778
"Best GRE clasess in Chandkheda, Ahmedabad",,not_found,2026-02-18T18:38:35.340767
Best study abroad consultant for Lithuania,12,10,2026-02-18T18:43:05.267394
"Best SAT classes in Chandkheda, Ahmedabad",5,1,2026-02-18T18:45:31.219599
Best study abroad consultant for study in Canada,,not_found,2026-02-18T18:55:37.543385
Best study abroad consultant for Malta,,not_found,2026-02-18T19:19:40.290971
How to get visa for studying in Slovenia,,not_found,2026-02-18T19:26:29.228045
"Best TOEFL tuition in Mota Varachha, Surat",1,12,2026-02-18T19:27:37.654625
Best Education consultant for Estonia,3,10,2026-02-18T19:29:31.117768
Best Education consultant for study in France,,not_found,2026-02-18T19:32:17.375643
Best Education consultant for study in Estonia,4,10,2026-02-18T19:35:02.045541
Best educaton consultant for Denmark,,not_found,2026-02-18T19:39:27.843760
Best study abroad consultant for study in South Korea,,not_found,2026-02-18T19:41:16.942313
Best PTE classes in Nadiad,2,11,2026-02-18T19:42:54.452575
"Best GRE classes in New Vip Road, Vadodara",2,4,2026-02-18T19:44:40.741746
"Best Digital SAT classes in Bapunagar, Ahmedabad",,not_found,2026-02-18T19:47:13.732999
"Best TOEFL tuition in Ghod Dod Road, Surat",2,12,2026-02-18T19:48:34.347960
Best DSAT tuition in Nadiad,4,3,2026-02-18T19:51:13.219445
"Best D-SAT classes in Alkapuri, Vadodara",3,1,2026-02-18T19:53:09.246679
"Best GRE coaching in Odhav, Ahmedabad",3,3,2026-02-18T19:55:10.738868
"Best GRE tuition in Memnagar, Ahmedabad",3,9,2026-02-18T19:57:20.341816
Best IELTS coaching in Kalol,1,35,2026-02-18T19:58:44.534885
Best Education consultant for study in Germany,,not_found,2026-02-18T20:03:02.907285
"Best GRE coaching in Nizampura, Vadodara",1,26,2026-02-18T20:04:37.249046
Best Education consultant for Canada,,not_found,2026-02-18T20:08:58.908594
Best TOEFL clasess in Gujarat,14,8,2026-02-18T20:14:04.047513
"Best TOEFL classes in Maninagar, Ahmedabad",,not_found,2026-02-18T20:16:01.420032
"Best D-SAT tuition in Ghod Dod Road, Surat",4,5,2026-02-18T20:18:04.351054
Best TOEFL tusion in Kalol,1,18,2026-02-18T20:19:16.023690
"Best DSAT coaching in Katargam, Surat",3,9,2026-02-18T20:21:22.235010
"Best SAT coaching in Ghod Dod Road, Surat",,not_found,2026-02-18T20:23:11.158377
Best Education consultant for Singapore,,not_found,2026-02-18T20:27:11.610118
"Best TOEFL coaching in Nikol, Ahmedabad",,not_found,2026-02-18T20:40:58.895789
Best PTE tuition in Kalol,1,48,2026-02-18T20:42:24.626332
How to get admission for studying in Belgium,,not_found,2026-02-18T20:55:59.143691
Best Education consultant for Bulgaria,,not_found,2026-02-18T21:01:24.182629
Best study abroad consultant for Sweden,2,11,2026-02-18T21:03:28.076568
Best Education consultant for Iceland,,not_found,2026-02-18T21:08:34.113007
"Best GRE tusion in Alkapuri, Vadodara",2,9,2026-02-18T21:10:33.232732
Best study abroad consultant for study in Netherlands,,not_found,2026-02-18T21:24:47.739947
Best study abroad consultant for study in Romania,,not_found,2026-02-18T21:51:01.023361
Best GRE tuition in Himatnagar,1,6,2026-02-18T21:52:25.505678
Best Education consultant for Italy,,not_found,2026-02-18T22:02:31.253105
Best Education consultant for Germany,,not_found,2026-02-18T22:12:28.326428
"Best DSAT tuition in Mota Varachha, Surat",2,7,2026-02-18T22:14:21.964907
"Best IELTS coaching in Odhav, Ahmedabad",3,15,2026-02-18T22:16:49.131697
"Best SAT clases in Vesu, Surat",,not_found,2026-02-18T22:19:03.102859
"Best D-SAT coaching in Chandkheda, Ahmedabad",2,9,2026-02-18T22:20:47.929179
Best Education consultant for study in Ireland,,not_found,2026-02-18T22:36:25.670644
Best Education consultant for study in Poland,,not_found,2026-02-18T22:49:38.068557
"Best TOEFL tuition in Odhav, Ahmedabad",,not_found,2026-02-18T22:51:39.126416
"Best DSAT coaching in Alkapuri, Vadodara",3,3,2026-02-18T22:53:34.608399
Best study abroad consultant for study in Slovenia,1,7,2026-02-18T22:55:08.899902
"Best D-SAT tuition in Memnagar, Ahmedabad",3,2,2026-02-18T22:56:54.530076
Best eduction consultant for study in Switzerland,,not_found,2026-02-18T22:59:54.866256
Best Education consultant for study in Slovakia,1,14,2026-02-18T23:12:05.779500
"Best DSAT classes in Ghod Dod Road, Surat",2,6,2026-02-18T23:13:52.813153
Best Education consultant for study in Luxembourg,9,9,2026-02-18T23:17:14.963191
Best Education consultant for Slovakia,3,16,2026-02-18T23:19:18.592602
Best TOEFL classes in Nadiad,1,26,2026-02-18T23:20:43.968975
Best study abroad consultant for study in Switzerland,2,7,2026-02-18T23:22:36.482144
Best SAT tuition in Mehsana,2,8,2026-02-18T23:24:21.082256
Best TOEFL classes in Bharuch,2,1,2026-02-18T23:26:04.041250
"Best PTE coaching in Parvat Patia, Surat",2,11,2026-02-18T23:27:53.936691
Best study abroad consultant for Singapore,,not_found,2026-02-18T23:41:35.641937
"Best DSAT classes in New Vip Road, Vadodara",2,15,2026-02-18T23:43:15.135994
Best TOEFL coaching in Navsari,2,9,2026-02-18T23:45:07.595147
Best Education consultant for study in Belgium,,not_found,2026-02-18T23:47:18.767050
How to get admission for studying in Lithuania,,not_found,2026-02-19T00:01:38.509981
"Best DSAT coaching in Parvat Patia, Surat",3,12,2026-02-19T00:03:47.009221
Best study abroad consultant for study in Finland,,not_found,2026-02-19T00:13:00.936064
"Best DSAT coaching in Vesu, Surat",3,1,2026-02-19T00:14:45.457352
Best DSAT classes in Gujarat,,not_found,2026-02-19T00:18:28.409858
Best DSAT classes in Nadiad,1,17,2026-02-19T00:19:59.981794
"Best PTE tuition in Ghod Dod Road, Surat",2,13,2026-02-19T00:21:26.088554
Best Education consultant for study in Finland,,not_found,2026-02-19T00:25:25.936515
"Best DSAT tuition in Katargam, Surat",2,2,2026-02-19T00:27:13.289872
Best TOEFL classes in Kalol,1,18,2026-02-19T00:28:44.255354
"Best D-SAT tuition in New Vip Road, Vadodara",,not_found,2026-02-19T00:31:28.001668
"Best SAT classes in Manjalpur, Vadodara",3,9,2026-02-19T01:02:50.628772
"Best Digital SAT tuition in Nizampura, Vadodara",2,13,2026-02-19T01:04:17.201969
"Best Digital SAT tution in Alkapuri, Vadodara",2,3,2026-02-19T01:06:09.298611
"Best PTE coaching in Nizampura, Vadodara",,not_found,2026-02-19T01:08:06.036734
Best IELTS tuition in Navsari,2,15,2026-02-19T01:09:43.434663
"Best GRE coaching in Katargam, Surat",2,11,2026-02-19T01:11:23.791308
Best D-SAT coaching in Navsari,1,13,2026-02-19T01:12:57.272024
Best study abroad consultant for study in Sweden,2,8,2026-02-19T01:14:32.905163
"Best DSAT coaching in Ghatlodiya, Ahmedabad",,not_found,2026-02-19T01:16:21.430911
Best Education consultant for Finland,,not_found,2026-02-19T01:27:17.504974
Best Digital SAT tuition in Bharuch,,not_found,2026-02-19T01:29:11.199750
"Best IELTS classes in Mota Varachha, Surat",1,20,2026-02-19T01:30:19.549585
How to get admission for studying in Iceland,,not_found,2026-02-19T01:35:38.981827
"Best D-SAT coaching in Ghod Dod Road, Surat",2,14,2026-02-19T01:37:15.856410
How to get visa for studying in Croatia,,not_found,2026-02-19T01:46:11.583010
How to get admission for studying in South Korea,,not_found,2026-02-19T01:54:44.110043
Best GRE coaching in Mehsana,1,29,2026-02-19T01:56:04.231774
Best D-SAT classes in Visnagar,1,13,2026-02-19T01:57:30.573286
Best Digital SAT tuition in Navsari,1,14,2026-02-19T01:58:50.675507
"Best IELTS tuition in Memnagar, Ahmedabad",1,29,2026-02-19T02:00:28.021222
"Best D-SAT clasess in Mota Varachha, Surat",,not_found,2026-02-19T02:02:52.727147
Best Digital SAT tuition in Visnagar,,not_found,2026-02-19T02:28:51.731540
"Best DSAT classes in Nizampura, Vadodara",3,4,2026-02-19T02:30:55.441706
"Best SAT coaching in Memnagar, Ahmedabad",,not_found,2026-02-19T02:32:54.901584
"Best TOEFL coaching in Katargam, Surat",2,6,2026-02-19T02:34:20.617670
Best SAT tuition in Kalol,1,14,2026-02-19T02:35:40.823126
Best PTE tuition in Bharuch,2,6,2026-02-19T02:37:16.858251
Best DSAT tuition in Bharuch,,not_found,2026-02-19T02:41:41.506562
"Best IELTS classes in Manjalpur, Vadodara",1,44,2026-02-19T02:43:13.053278
"Best IELTS tuition in Vesu, Surat",2,3,2026-02-19T02:45:05.172915
How to get admission for studying in Ireland,,not_found,2026-02-19T02:49:51.158812
Best Digital SAT tution in Mehsana,2,16,2026-02-19T02:51:14.208638
Best SAT tuition in India,,not_found,2026-02-19T03:00:28.295079
How to get admission for studying in UAE,,not_found,2026-02-19T03:11:28.946514
Best Education consultant for South Korea,,not_found,2026-02-19T03:17:37.441012
Best Education consultant for Russia,,not_found,2026-02-19T03:25:00.477959
"Best IELTS classes in Nizampura, Vadodara",5,8,2026-02-19T03:27:22.651457
How to get admission for studying in Estonia,,not_found,2026-02-19T03:31:51.463422
"Best PTE clases in Manjalpur, Vadodara",4,6,2026-02-19T03:34:15.674238
How to get admission for studying in Austria,,not_found,2026-02-19T04:17:11.229658
Best Digital SAT clasess in Nadiad,1,13,2026-02-19T04:18:15.401062
Best IELTS classes in Bharuch,3,14,2026-02-19T04:19:53.800288
"Best Digital SAT tuition in Manjalpur, Vadodara",2,3,2026-02-19T04:21:33.382873
"Best TOEFL classes in Memnagar, Ahmedabad",,not_found,2026-02-19T04:23:24.669532
"Best PTE classes in Ghatlodiya, Ahmedabad",4,10,2026-02-19T04:25:24.742748
Best PTE classes in Kalol,1,40,2026-02-19T04:26:45.324210
"Best D-SAT classes in Odhav, Ahmedabad",,not_found,2026-02-19T04:29:20.165082
How to get visa for studying in Romania,,not_found,2026-02-19T04:40:44.933413
"Best SAT coaching in Vallabh Vidyanagar, Anand",2,10,2026-02-19T04:42:07.181799
"Best D-SAT classes in Maninagar, Ahmedabad",4,6,2026-02-19T04:44:15.895456
Best Digital SAT tuition in India,,not_found,2026-02-19T04:57:32.770162
"Best D-SAT coaching in Nizampura, Vadodara",3,3,2026-02-19T04:59:16.549384
Best GRE coaching in Bharuch,1,8,2026-02-19T05:00:33.126337
"Best IELTS clasess in Naroda, Ahmedabad",,not_found,2026-02-19T05:02:51.889863
Best Education consultant for study in Slovenia,1,6,2026-02-19T05:04:05.464837
"Best SAT tuition in Alkapuri, Vadodara",3,5,2026-02-19T05:05:56.177935
"Best GRE coaching in Ghod Dod Road, Surat",3,1,2026-02-19T05:07:38.387409
"Best GRE tuition in Parvat Patia, Surat",2,4,2026-02-19T05:09:40.352462
"Best PTE coaching in Vesu, Surat",4,7,2026-02-19T05:11:53.186949
"Best TOEFL classes in Ghod Dod Road, Surat",2,13,2026-02-19T05:13:49.699909
"Best TOEFL coaching in Naroda, Ahmedabad",4,4,2026-02-19T05:16:15.318499
"Best GRE classes in Maninagar, Ahmedabad",,not_found,2026-02-19T05:18:38.848629
How to get admission for studying in Bulgaria,,not_found,2026-02-19T05:33:22.359582
How to get admission for studying in Luxembourg,,not_found,2026-02-19T05:35:42.967958
"Best DSAT coaching in Naroda, Ahmedabad",,not_found,2026-02-19T05:39:16.232348
"Best GRE tuition in Manjalpur, Vadodara",2,12,2026-02-19T05:51:26.640086
"Best SAT tuition in Naroda, Ahmedabad",3,11,2026-02-19T05:53:40.428666
How to get visa for studying in Malta,,not_found,2026-02-19T06:07:17.707238
Best study abroad consultant for study in United Kingdom,,not_found,2026-02-19T06:23:27.005162
"Best D-SAT coaching in Odhav, Ahmedabad",3,6,2026-02-19T06:25:46.912936
Best IELTS classes in Kalol,,not_found,2026-02-19T06:27:41.246216
Best GRE coaching in Nadiad,1,22,2026-02-19T06:28:51.270323
"Best DSAT coaching in Vallabh Vidyanagar, Anand",2,12,2026-02-19T06:30:30.523169
How to get visa for studying in Finland,,not_found,2026-02-19T06:44:30.429835
Best Education consultant for Ireland,,not_found,2026-02-19T06:56:41.454948
"Best PTE classes in Ghod Dod Road, Surat",3,2,2026-02-19T06:58:46.045388
Best DSAT classes in Bharuch,3,1,2026-02-19T07:00:36.949585
Best IELTS classes in Mehsana,,not_found,2026-02-19T07:02:43.400152
Best D-SAT tuition in Nadiad,3,12,2026-02-19T07:04:32.964609
Best study abroad consultant for study in UAE,,not_found,2026-02-19T07:06:41.877753
"Best SAT coaching in Ghatlodiya, Ahmedabad",3,12,2026-02-19T07:08:47.560405
Best study abroad consultant for study in Russia,,not_found,2026-02-19T07:10:44.939843
Best GRE classes in Visnagar,1,8,2026-02-19T07:23:11.045454
Best TOEFL coaching in Mehsana,,not_found,2026-02-19T07:25:15.318206
Best Digital SAT coaching in India,10,6,2026-02-19T07:29:07.651244
"Best TOEFL coching in Parvat Patia, Surat",1,22,2026-02-19T07:30:36.865772
How to get visa for studying in Czech Republic,,not_found,2026-02-19T07:33:18.592002
Best Digital SAT tuition in Himatnagar,1,12,2026-02-19T07:34:38.617859
Best study abroad consultant for study in Malta,,not_found,2026-02-19T07:36:23.300910
"Best GRE coaching in Mota Varachha, Surat",2,9,2026-02-19T07:38:08.410214
Best study abroad consultant for study in Iceland,,not_found,2026-02-19T07:40:11.247547
"Best IELTS coaching in Naroda, Ahmedabad",6,3,2026-02-19T07:42:52.800526
"Best SAT classes in Naroda, Ahmedabad",4,4,2026-02-19T07:45:07.388803
Best Education consultant for Hungary,6,5,2026-02-19T07:47:59.854551
Best study abroad consultant for study in Austria,,not_found,2026-02-19T07:50:11.974948
"Best Digital SAT coaching in Mota Varachha, Surat",1,13,2026-02-19T07:51:28.704565
Best SAT clases in Vapi,4,6,2026-02-19T07:53:33.785514
Best DSAT classes in Kalol,1,12,2026-02-19T07:55:17.244252
Best Education consultant for Poland,11,3,2026-02-19T07:59:30.682586
Best Education consultant for Norway,4,4,2026-02-19T08:02:14.571503
"Best SAT coaching in Nizampura, Vadodara",3,9,2026-02-19T08:04:19.488868
Best Education consultant for study in Bulgaria,,not_found,2026-02-19T08:06:29.501760
Best IELTS classes in Himatnagar,2,6,2026-02-19T08:08:09.389071
Best Digital SAT tuition in Kalol,1,10,2026-02-19T08:09:14.341788
"Best IELTS coaching in Nikol, Ahmedabad",,not_found,2026-02-19T08:18:27.796927
Best Digital SAT coaching in Gujarat,2,15,2026-02-19T08:20:20.532585
"Best IELTS tuition in Ghatlodiya, Ahmedabad",8,12,2026-02-19T08:23:50.958832
"Best DSAT clases in Memnagar, Ahmedabad",6,7,2026-02-19T08:26:47.295944
"Best IELTS classes in Maninagar, Ahmedabad",,not_found,2026-02-19T08:29:24.711133
Best Education consultant for study in Netherlands,11,9,2026-02-19T08:33:45.657926
Best D-SAT classes in Navsari,2,1,2026-02-19T08:35:29.863380
"Best D-SAT coaching in Katargam, Surat",,not_found,2026-02-19T08:37:22.943634
Best GRE classes in Vapi,3,1,2026-02-19T08:39:13.689508
Best D-SAT tuition in Bharuch,2,5,2026-02-19T08:40:54.178632
Best DSAT tuition in Visnagar,1,11,2026-02-19T08:53:55.092710
"Best TOEFL tuition in Bapunagar, Ahmedabad",,not_found,2026-02-19T08:56:05.124874
Best GRE coaching in Vapi,1,24,2026-02-19T08:57:35.245053
Best study abroad consultant for Russia,,not_found,2026-02-19T09:02:03.937791
"Best D-SAT coaching in Vallabh Vidyanagar, Anand",3,6,2026-02-19T09:04:05.363313
Best study abroad consultant for Poland,3,5,2026-02-19T09:06:02.708973
"Best TOEFL tuition in Vesu, Surat",1,21,2026-02-19T09:07:10.482024
Best PTE classes in India,,not_found,2026-02-19T09:11:30.421970
"Best PTE tuition in Chandkheda, Ahmedabad",4,14,2026-02-19T09:13:48.073859
Best Education consultant for study in Latvia,2,17,2026-02-19T09:15:24.580837
"Best TOEFL classes in Alkapuri, Vadodara",4,7,2026-02-19T09:17:18.183031
"Best GRE tuition in Bapunagar, Ahmedabad",,not_found,2026-02-19T09:19:14.468977
How to get visa for studying in Belgium,,not_found,2026-02-19T09:26:26.032160
Best GRE tution in Bharuch,3,2,2026-02-19T09:28:14.337996
"Best IELTS coaching in Mota Varachha, Surat",1,15,2026-02-19T09:29:24.915386
"Best IELTS clases in Alkapuri, Vadodara",1,29,2026-02-19T09:30:51.137448
Best SAT coaching in Visnagar,1,7,2026-02-19T09:32:14.818142
Best DSAT classes in Navsari,2,8,2026-02-19T09:33:51.251286
"Best GRE classes in Nizampura, Vadodara",4,3,2026-02-19T09:36:18.827854
"Best IELTS tution in Odhav, Ahmedabad",3,12,2026-02-19T09:38:25.236516
"Best PTE classes in Mota Varachha, Surat",1,38,2026-02-19T09:39:51.006211
Best study abroad consultant for Portugal,1,5,2026-02-19T09:41:03.660619
"Best D-SAT tuition in Mota Varachha, Surat",,not_found,2026-02-19T09:42:59.231797
Best Digital SAT classes in Kalol,1,10,2026-02-19T09:44:04.911901
How to get visa for studying in Iceland,,not_found,2026-02-19T09:48:46.729333
Best study abroad consultant for South Korea,2,3,2026-02-19T09:50:25.832839
Best study abroad consultant for Norway,,not_found,2026-02-19T09:52:36.795033
"Best PTE tuition in Vesu, Surat",3,3,2026-02-19T09:54:34.574261
"Best TOEFL tuition in Nizampura, Vadodara",1,2,2026-02-19T09:56:07.828105
How to get admission for studying in Germany,,not_found,2026-02-19T09:58:18.342475
"Best DSAT coaching in Maninagar, Ahmedabad",,not_found,2026-02-19T10:04:06.689783
How to get visa for studying in Estonia,,not_found,2026-02-19T10:11:45.956020
"Best D-SAT coaching in Bapunagar, Ahmedabad",,not_found,2026-02-19T10:22:33.662791
Best study abroad consultant for study in Estonia,2,11,2026-02-19T10:24:50.854357
Best Education consultant for Netherlands,11,12,2026-02-19T10:29:11.895480
Best Digital SAT coachin in Nadiad,1,11,2026-02-19T10:30:32.141971
Best Digital SAT tuition in Nadiad,,not_found,2026-02-19T10:32:38.548674
"Best SAT tuition in Vallabh Vidyanagar, Anand",2,15,2026-02-19T10:34:32.757997
"Best Digital SAT classes in Naroda, Ahmedabad",,not_found,2026-02-19T10:38:27.728980
"Best Digital SAT coaching in Memnagar, Ahmedabad",4,1,2026-02-19T10:40:36.095549
Best study abroad consultant for Ireland,,not_found,2026-02-19T10:55:46.009738
"Best Digital SAT tuition in Vallabh Vidyanagar, Anand",2,1,2026-02-19T10:57:24.583251
Best PTE coaching in Gujarat,2,12,2026-02-19T10:58:54.186045
Best IELTS classes in India,4,18,2026-02-19T11:00:48.977690
Best study abroad consultant for Greece,1,17,2026-02-19T11:02:34.995741
Best IELTS tuition in Kalol,1,1,2026-02-19T11:03:45.346252
"Best SAT tuition in Chandkheda, Ahmedabad",3,10,2026-02-19T11:06:28.191078
How to get visa for studying in Hungary,,not_found,2026-02-19T11:14:26.263608
"Best TOEFL classes in Nikol, Ahmedabad",4,13,2026-02-19T11:16:29.918524
How to get visa for studying in South Korea,,not_found,2026-02-19T11:23:23.281680
"Best TOEFL coaching in Manjalpur, Vadodara",3,1,2026-02-19T11:25:12.675815
Best SAT coaching in Kalol,2,7,2026-02-19T11:27:26.724261
"Best D-SAT classes in Naroda, Ahmedabad",,not_found,2026-02-19T11:29:22.723095
How to get admission for studying in Czech Republic,,not_found,2026-02-19T11:31:55.894840
Best educaton consultant for study in USA,,not_found,2026-02-19T11:38:09.737747
"Best DSAT tuition in Memnagar, Ahmedabad",4,7,2026-02-19T11:40:17.187926
"Best TOEFL classes in Naroda, Ahmedabad",,not_found,2026-02-19T11:43:19.275362
Best DSAT coaching in Bharuch,3,8,2026-02-19T11:55:46.201085
How to get admission for studying in United Kingdom,,not_found,2026-02-19T12:09:57.202992
"Best Digital SAT coaching in Ghod Dod Road, Surat",2,15,2026-02-19T12:12:10.280600
"Best DSAT tuition in Naroda, Ahmedabad",3,1,2026-02-19T12:14:03.350075
How to get admission for studying in France,,not_found,2026-02-19T12:29:16.312339
How to get admision for studying in Norway,,not_found,2026-02-19T12:42:26.454224
Best Education consultant for study in Hungary,,not_found,2026-02-19T12:45:31.744499
How to get visa for studing in Italy,,not_found,2026-02-19T12:53:48.570727
How to get admission for studying in Slovakia,,not_found,2026-02-19T13:05:24.022655
"Best TOEFL classes in Vallabh Vidyanagar, Anand",2,14,2026-02-19T13:07:00.116090
"Best IELTS classes in Ghatlodiya, Ahmedabad",5,15,2026-02-19T13:09:47.689756
"Best DSAT classes in Odhav, Ahmedabad",,not_found,2026-02-19T13:14:37.737340
Best Education consultant for Switzerland,,not_found,2026-02-19T13:38:21.733613
"Best D-SAT classes in Nikol, Ahmedabad",3,12,2026-02-19T13:40:19.404435
"Best TOEFL classes in Parvat Patia, Surat",1,13,2026-02-19T13:42:14.855796
"Best GRE coaching in Maninagar, Ahmedabad",,not_found,2026-02-19T13:49:34.842452
"Best IELTS coaching in Parvat Patia, Surat",2,7,2026-02-19T13:51:36.065913
Best DSAT coaching in Himatnagar,1,9,2026-02-19T13:53:00.446359
How to get admission for studying in Canada,,not_found,2026-02-19T13:59:20.217189
"Best PTE classes in Katargam, Surat",3,12,2026-02-19T14:01:32.302363
Best study abroad consultant for study in France,,not_found,2026-02-19T14:06:51.830671
Best PTE coaching in India,2,12,2026-02-19T14:08:20.988560
"Best GRE coaching in Chandkheda, Ahmedabad",3,1,2026-02-19T14:10:24.622401
"Best IELTS tuition in Nizampura, Vadodara",2,14,2026-02-19T14:12:11.679033
"Best PTE coaching in Naroda, Ahmedabad",4,8,2026-02-19T14:14:34.045581
Best study abroad consultant for UAE,,not_found,2026-02-19T14:17:06.738507
Best study abroad consultant for United Kingdom,,not_found,2026-02-19T14:33:01.563840
"Best SAT tuition in Mota Varachha, Surat",2,6,2026-02-19T14:34:52.217056
Best IELTS coaching in Gujarat,2,10,2026-02-19T14:36:44.704193
"Best D-SAT classes in Vesu, Surat",2,9,2026-02-19T14:38:31.795807
How to get visa for studying in Spain,,not_found,2026-02-19T14:41:25.690155
Best study abroad consultant for Finland,2,7,2026-02-19T14:43:09.268457
Best SAT tuition in Navsari,2,12,2026-02-19T14:44:42.576958
"Best SAT tuition in Bapunagar, Ahmedabad",,not_found,2026-02-19T14:46:26.936147
"Best D-SAT classes in Memnagar, Ahmedabad",3,16,2026-02-19T15:01:15.859029
"Best Digital SAT coaching in Nikol, Ahmedabad",1,1,2026-02-19T15:02:38.892254
"Best GRE classes in Mota Varachha, Surat",2,7,2026-02-19T15:04:07.767020
Best D-SAT classes in India,,not_found,2026-02-19T15:05:59.087606
"Best PTE tusion in Vallabh Vidyanagar, Anand",2,11,2026-02-19T15:08:01.473712
How to get admission for studying in Switzerland,,not_found,2026-02-19T15:12:57.930810
Best DSAT tuition in Navsari,3,5,2026-02-19T15:15:08.591638
Best Education consultant for study in Cyprus,4,5,2026-02-19T15:17:38.843939
Best DSAT coaching in Kalol,2,7,2026-02-19T15:19:19.637972
How to get visa for studying in Canada,,not_found,2026-02-19T15:30:03.702532
"Best GRE classes in Vallabh Vidyanagar, Anand",2,11,2026-02-19T15:31:56.975999
"Best Digital SAT classes in Maninagar, Ahmedabad",5,3,2026-02-19T15:34:41.961428
Best study abroad consultant for USA,,not_found,2026-02-19T15:40:15.377779
"Best TOEFL classes in Odhav, Ahmedabad",4,11,2026-02-19T15:42:31.904246
"Best GRE tuition in Naroda, Ahmedabad",4,4,2026-02-19T15:44:53.910107
"Best D-SAT coaching in Ghatlodiya, Ahmedabad",4,1,2026-02-19T15:47:03.372571
"Best SAT coaching in New Vip Road, Vadodara",2,6,2026-02-19T15:49:10.044101
Best TOEFL coaching in Kalol,1,21,2026-02-19T15:50:23.330632
Best DSAT coaching in Mehsana,,not_found,2026-02-19T15:52:11.755666
Best PTE classes in Vapi,1,26,2026-02-19T15:53:43.210932
Best SAT coaching in Gujarat,,not_found,2026-02-19T15:58:09.021129
"Best PTE tuition in Memnagar, Ahmedabad",5,14,2026-02-19T16:00:53.373579
Best IELTS tuition in Mehsana,5,12,2026-02-19T16:04:09.479845
How to get admission for studying in Netherlands,,not_found,2026-02-19T16:07:21.607524
Best Digital SAT coaching in Bharuch,3,9,2026-02-19T16:09:22.542012
Best Education consultant for Malta,4,11,2026-02-19T16:11:43.421607
Best Education consultant for study in Lithuania,2,5,2026-02-19T16:13:39.202941
Best DSAT coaching in Gujarat,,not_found,2026-02-19T16:17:03.730915
"Best Digital SAT coaching in Alkapuri, Vadodara",1,12,2026-02-19T16:28:24.067279
Best TOEFL tuition in Bharuch,1,32,2026-02-19T16:29:48.629892
Best study abroad consultant for Austria,1,47,2026-02-19T16:31:41.196582
"Best DSAT coaching in Nizampura, Vadodara",2,13,2026-02-19T16:33:27.514096
Best Education consultant for study in Austria,,not_found,2026-02-19T16:37:13.933227
"Best D-SAT classes in Ghatlodiya, Ahmedabad",3,9,2026-02-19T16:39:18.144110
Best SAT coaching in Navsari,2,7,2026-02-19T16:41:04.689855
"Best IELTS classes in Vallabh Vidyanagar, Anand",3,12,2026-02-19T16:42:56.174197
"Best D-SAT classes in Ghod Dod Road, Surat",2,6,2026-02-19T16:44:59.150237
"Best TOEFL tution in Naroda, Ahmedabad",,not_found,2026-02-19T16:47:51.283269
"Best DSAT tuition in Maninagar, Ahmedabad",3,16,2026-02-19T16:50:03.315802
Best Education consultant for New Zealand,,not_found,2026-02-19T16:54:24.392353
Best Education consultant for Spain,10,9,2026-02-19T16:58:40.866543
"Best TOEFL coaching in Memnagar, Ahmedabad",5,6,2026-02-19T17:01:08.433562
Best Digital SAT coaching in Kalol,1,7,2026-02-19T17:02:18.183873
Best TOEFL coaching in Vapi,2,1,2026-02-19T17:04:22.626342
"Best TOEFL coaching in New Vip Road, Vadodara",,not_found,2026-02-19T17:06:07.451147
"Best TOEFL coaching in Ghod Dod Road, Surat",6,5,2026-02-19T17:09:17.638992
Best IELTS classes in Navsari,5,9,2026-02-19T17:11:59.661307
"Best Digital SAT classes in Ghod Dod Road, Surat",1,20,2026-02-19T17:13:27.034065
Best study abroad consultant for Estonia,,not_found,2026-02-19T17:16:31.482995
"Best TOEFL classes in Chandkheda, Ahmedabad",5,4,2026-02-19T17:19:03.065417
"Best DSAT tuition in Nikol, Ahmedabad",1,3,2026-02-19T17:20:44.276854
"Best PTE coaching in Ghod Dod Road, Surat",1,42,2026-02-19T17:22:11.231954
Best study abroad consultant for Italy,3,3,2026-02-19T17:24:28.203220
Best Education consultant for study in South Korea,2,17,2026-02-19T17:26:28.194545
"Best Digital SAT coaching in Maninagar, Ahmedabad",,not_found,2026-02-19T17:28:52.144850
Best PTE classes in Navsari,1,46,2026-02-19T17:30:23.833992
Best TOEFL coaching in Bharuch,2,4,2026-02-19T17:32:40.585284
Best study abroad consultant for study in Japan,1,53,2026-02-19T17:34:05.569345
"Best Digital SAT coaching in Vallabh Vidyanagar, Anand",2,3,2026-02-19T17:35:57.870834
"Best DSAT classes in Chandkheda, Ahmedabad",5,7,2026-02-19T17:38:32.641380
How to get admission for studying in Sweden,,not_found,2026-02-19T17:48:48.639621
Best DSAT coaching in Vapi,1,21,2026-02-19T18:00:02.212615
"Best Digital SAT coaching in New Vip Road, Vadodara",1,17,2026-02-19T18:01:41.636460
"Best GRE classes in Ghod Dod Road, Surat",2,11,2026-02-19T18:03:15.376367
How to get visa for studying in Denmark,,not_found,2026-02-19T18:08:53.295733
How to get admission for studying in Cyprus,,not_found,2026-02-19T18:16:22.579525
Best GRE tuition in Mehsana,1,14,2026-02-19T18:17:35.432227
Best study abroad consultant for study in Hungary,,not_found,2026-02-19T18:19:31.062869
Best D-SAT clasess in Nadiad,1,18,2026-02-19T18:21:02.819556
Best Education consultant for Japan,5,12,2026-02-19T18:23:28.336711
Best SAT classes in Kalol,1,10,2026-02-19T18:24:37.815510
Best SAT classes in Gujarat,,not_found,2026-02-19T18:26:49.292970
"Best TOEFL tuition in Vallabh Vidyanagar, Anand",2,1,2026-02-19T18:28:26.549669
Best study abrod consultant for study in Germany,,not_found,2026-02-19T18:33:07.202783
Best Education consultant for study in Sweden,10,6,2026-02-19T18:36:58.114945
"Best TOEFL coaching in Maninagar, Ahmedabad",7,13,2026-02-19T18:40:16.615391
"Best Digital SAT coaching in Bapunagar, Ahmedabad",3,10,2026-02-19T18:42:12.184907
"Best SAT tuition in New Vip Road, Vadodara",2,1,2026-02-19T18:43:55.032419
Best D-SAT coaching in Bharuch,1,13,2026-02-19T18:45:34.780438
"Best Digital SAT tuition in Chandkheda, Ahmedabad",,not_found,2026-02-19T18:47:41.316060
"Best PTE tuition in Naroda, Ahmedabad",4,4,2026-02-19T18:50:17.593517
Best D-SAT tuition in Vapi,2,1,2026-02-19T18:51:49.918164
Best SAT coachin in Himatnagar,1,9,2026-02-19T18:53:21.925831
Best DSAT tuition in Gujarat,3,13,2026-02-19T18:55:18.551200
Best PTE classes in Mehsana,1,10,2026-02-19T18:56:30.157288
How to get visa for studying in USA,,not_found,2026-02-19T19:05:20.036356
"Best D-SAT classes in Nizampura, Vadodara",2,13,2026-02-19T19:07:24.270864
Best SAT coaching in Vapi,1,22,2026-02-19T19:08:43.443284
Best SAT clases in Nadiad,1,17,2026-02-19T19:10:11.668535
Best SAT tuition in Himatnagar,1,26,2026-02-19T19:11:28.381505
"Best PTE tuition in Nizampura, Vadodara",3,7,2026-02-19T19:13:32.699397
How to get visa for studying in Japan,,not_found,2026-02-19T19:20:10.820370
Best IELTS classes in Vapi,1,51,2026-02-19T19:32:38.563117
Best TOEFL classes in Vapi,2,4,2026-02-19T19:34:17.340401
"Best SAT tuition in Parvat Patia, Surat",2,12,2026-02-19T19:35:49.183887
"Best PTE classes in Naroda, Ahmedabad",3,15,2026-02-19T19:37:42.402519
Best IELTS classes in Gujarat,3,4,2026-02-19T19:39:48.845505
"Best IELTS classes in Nikol, Ahmedabad",,not_found,2026-02-19T19:45:58.216974
"Best Digital SAT tuition in Parvat Patia, Surat",1,9,2026-02-19T19:47:20.068860
Best study abroad consultant for study in Cyprus,1,1,2026-02-19T19:48:40.507064
Best Digital SAT classes in Gujarat,5,1,2026-02-19T19:50:56.098460
Best TOEFL coaching in Gujarat,2,9,2026-02-19T19:53:07.131891
Best study abroad consultant for Slovenia,1,4,2026-02-19T19:54:41.660808
"Best Digital SAT coaching in Chandkheda, Ahmedabad",4,6,2026-02-19T19:56:53.626196
"Best DSAT classes in Nikol, Ahmedabad",1,2,2026-02-19T19:58:44.287414
How to get admission for studying in Japan,,not_found,2026-02-19T20:05:10.373213
"Best Digital SAT classes in Memnagar, Ahmedabad",4,3,2026-02-19T20:08:04.644294
"Best IELTS classes in Parvat Patia, Surat",3,7,2026-02-19T20:09:58.295733
"Best IELTS tuition in New Vip Road, Vadodara",3,15,2026-02-19T20:12:04.113697
"Best SAT classes in Memnagar, Ahmedabad",,not_found,2026-02-19T20:16:02.513304
"Best Digital SAT tusion in Naroda, Ahmedabad",,not_found,2026-02-19T20:21:55.608322
"Best PTE classes in Alkapuri, Vadodara",4,13,2026-02-19T20:24:05.635849
"Best D-SAT tuition in Nizampura, Vadodara",2,15,2026-02-19T20:25:52.746831
Best study abroad consultant for Canada,14,5,2026-02-19T20:31:01.869836
Best Education consultant for study in Spain,1,40,2026-02-19T20:32:37.327911
Best study abroad consultant for study in Latvia,1,1,2026-02-19T20:34:22.373125
"Best IELTS tuition in Chandkheda, Ahmedabad",,not_found,2026-02-19T20:36:37.989266
Best SAT tuition in Bharuch,2,5,2026-02-19T20:38:09.984901
"Best GRE classes in Manjalpur, Vadodara",2,1,2026-02-19T20:39:46.614073
Best D-SAT coaching in Vapi,2,9,2026-02-19T20:41:42.015601
"Best Digital SAT tuition in Memnagar, Ahmedabad",3,7,2026-02-19T20:43:37.107490
Best TOEFL coching in India,,not_found,2026-02-19T20:48:35.664415
"Best SAT coaching in Nikol, Ahmedabad",1,3,2026-02-19T20:49:50.009035
"Best D-SAT coaching in Naroda, Ahmedabad",,not_found,2026-02-19T20:51:49.076509
"Best DSAT tuition in Parvat Patia, Surat",3,1,2026-02-19T21:03:09.367442
Best Education consultant for study in New Zealand,,not_found,2026-02-19T21:07:45.203904
Best Digital SAT tuition in Vapi,,not_found,2026-02-19T21:09:47.861944
Best Digital SAT classes in Vapi,1,17,2026-02-19T21:11:03.316835
"Best IELTS classes in Ghod Dod Road, Surat",2,4,2026-02-19T21:13:05.151017
Best Education consultant for Portugal,2,6,2026-02-19T21:14:49.424979
Best TOEFL tuition in Nadiad,1,30,2026-02-19T21:16:23.242583
"Best D-SAT tuition in Parvat Patia, Surat",1,16,2026-02-19T21:17:52.180783
Best Digital SAT coaching in Vapi,1,10,2026-02-19T21:19:24.120848
Best Education consultant for France,7,11,2026-02-19T21:22:40.570658
"Best TOEFL tuition in Maninagar, Ahmedabad",,not_found,2026-02-19T21:25:54.737986
Best IELTS tuition in Visnagar,2,11,2026-02-19T21:27:38.940578
"Best PTE coaching in Nikol, Ahmedabad",2,4,2026-02-19T21:29:23.357891
"Best GRE coaching in Vesu, Surat",2,15,2026-02-19T21:31:18.691406
"Best IELTS coaching in Chandkheda, Ahmedabad",5,14,2026-02-19T21:33:59.708328
